<?xml version="1.0" encoding="UTF-8"?>
<unload unload_date="2025-12-23 12:20:20">
<sp_widget action="INSERT_OR_UPDATE">
<category>other</category>
<client_script><![CDATA[api.controller=function() {  /* widget controller */  var c = this;};]]></client_script>
<controller_as>c</controller_as>
<css>/* HERO CONTAINER */
.he-hero-section {
  position: relative;
  width: 100%;
  height: 380px;
  overflow: hidden;
  background: #000;
}

/* VIDEO */
.he-hero-video {
  position: absolute;
  top: 0;
  left: 0;
  width: 100% !important;
  height: 100% !important;
  object-fit: cover !important;
  z-index: 0;
  pointer-events: none;
}

/* CONTENT */
.he-hero-content {
  position: absolute;
  top: 50%;
  left: 50%;
  transform: translate(-50%, -50%);
  text-align: center;
  z-index: 2;
  color: #fff;
}

/* TITLE */
.he-hero-title {
  font-size: 38px;
  font-weight: 500;
  margin-bottom: 20px;

  white-space: nowrap;

  text-shadow:
    0 3px 10px rgba(0, 0, 0, 0.75),
    0 1px 2px rgba(0, 0, 0, 0.9);
}

/* MOBILE */
@media (max-width: 768px) {
  .he-hero-section {
    height: 280px;
  }

  .he-hero-title {
    font-size: 26px;
    white-space: normal;
  }
}
</css>
<data_table>sp_instance_ais</data_table>
<demo_data/>
<description/>
<docs display_value=""/>
<field_list>title,short_description,search_application,search_results_configuration,disable_all_suggestions,placeholder,ai_search_source_filter</field_list>
<has_preview>false</has_preview>
<id>portal-video-banner</id>
<internal>false</internal>
<link><![CDATA[function link() {
      var geckoRegex = /Gecko\/\d+/; // Remove forced-colors css for Gecko engine (Firefox) as they already handle it
      if (geckoRegex.test(navigator.userAgent)) {
        $('.sp-search-heading').removeClass('sp-search-heading');
      }
}]]></link>
<name>Portal Video Banner</name>
<option_schema>[{"name":"show_search_box","section":"Presentation","default_value":"true","label":"Show Search Box","type":"boolean"}]</option_schema>
<public>true</public>
<roles/>
<script><![CDATA[var aisEnabled = $sp.isAISearchEnabled();

options = options || {};

if (aisEnabled) {
    options.utterancePlacement = 'body';
    options.placement = 'dynamic-landing';

    data.typeAheadSearch = $sp.getWidget('typeahead-search', options);
} else {
    data.typeAheadSearch = $sp.getWidget(
        'typeahead-search',
        options.typeahead_search || options
    );
}

data.show_search_box = true;
data.title = options.title;
data.show_search_box =  options.show_search_box;]]></script>
<servicenow>false</servicenow>
<sys_class_name>sp_widget</sys_class_name>
<sys_created_by>admin</sys_created_by>
<sys_created_on>2025-12-02 10:21:43</sys_created_on>
<sys_id>3e5d23b983693650ccf85d70deaad30e</sys_id>
<sys_mod_count>78</sys_mod_count>
<sys_name>Portal Video Banner</sys_name>
<sys_package display_value="Global" source="global">global</sys_package>
<sys_policy/>
<sys_scope display_value="Global">global</sys_scope>
<sys_update_name>sp_widget_3e5d23b983693650ccf85d70deaad30e</sys_update_name>
<sys_updated_by>rohan.aditya</sys_updated_by>
<sys_updated_on>2025-12-23 11:43:08</sys_updated_on>
<template><![CDATA[<div class="he-hero-section">
  <video class="he-hero-video" autoplay muted loop playsinline>
    <source src="f1-banner.mp4" type="video/mp4">
  </video>

  <div class="he-hero-content" ng-show={{data.show_search_box}}>
    <h1 class="he-hero-title">
      {{data.title}}
    </h1>
    <sp-widget widget="data.typeAheadSearch"></sp-widget>
  </div>
</div>
]]></template>
</sp_widget>
</unload>
